Target, Prediction
151.0000,138.7953
238.0000,170.9529
149.0000,153.4269
131.0000,90.0651
216.0000,159.8304
92.0000,134.6805
163.0000,110.8402
37.5000,72.2131
231.0000,167.9646
88.5000,158.2020
146.0000,252.3849
134.0000,210.1947
130.0000,161.7875
120.5000,124.3942
166.0000,177.6855
195.5000,182.0119
115.5000,103.8434
340.0000,253.3366
129.5000,168.3857
187.0000,160.1587
201.0000,231.6725
178.5000,176.2957
209.0000,166.7223
175.5000,179.2875
216.0000,183.8231
110.5000,124.3644
74.5000,119.6047
215.0000,210.2519
133.5000,175.3590
232.5000,196.6894
156.5000,159.1630
153.0000,148.6710
202.5000,145.6168
140.0000,131.4265
107.0000,159.0911
192.5000,164.3803
242.5000,243.8082
158.5000,175.8407
78.5000,99.7786
140.5000,174.8576
199.0000,146.0904
115.5000,139.1329
193.0000,190.9321
201.0000,160.9239
321.0000,159.1717
121.5000,201.8082
187.5000,129.9989
296.0000,190.8822
187.5000,141.6887
103.0000,148.6397
140.0000,122.5189
89.0000,136.6367
97.8000,99.9165
147.5000,184.3357
148.0000,150.8123
79.5000,149.1037
178.5000,193.4593
155.5000,198.9057
123.0000,105.4477
169.5000,197.1972
149.5000,248.6871
96.5000,90.5506
141.0000,122.7743
111.8000,114.7545
130.0000,162.9404
221.0000,89.0889
205.2000,212.6779
82.0000,131.8684
35.0000,94.6202
115.0000,177.5560
145.5000,120.5947
149.0000,163.9639
127.0000,154.1435
221.0000,137.7374
88.0000,104.6621
135.0000,171.2671
206.0000,185.0582
206.5000,251.1870
189.5000,205.6159
188.0000,134.5706
221.5000,164.6580
162.5000,103.1228
209.0000,211.1982
221.5000,150.5976
172.5000,218.3667
163.5000,147.5610
102.5000,99.4828
102.0000,95.6693
133.5000,128.2623
156.0000,116.7824
83.0000,118.9529
130.5000,172.7463
79.3000,96.6836
251.0000,185.7442
200.0000,218.7488
133.0000,120.5598
198.5000,174.2421
301.0000,245.5939
81.8000,154.2308
132.5000,96.8624
194.5000,116.8531
184.0000,187.2114
140.0000,95.7428
92.0000,130.4005
149.0000,144.3614
67.5000,125.4369
120.0000,145.5515
191.5000,147.7077
114.0000,117.7068
102.5000,115.7489
225.5000,223.5424
180.0000,161.9264
96.0000,149.4165
177.0000,175.0962
110.5000,69.0336
189.0000,100.0609
236.0000,198.7851
171.0000,171.8129
142.0000,109.8275
123.0000,161.5697
185.0000,194.6634
49.0000,97.6849
219.5000,217.4954
298.0000,266.9272
253.5000,191.0115
156.0000,89.5899
171.0000,211.8208
53.0000,59.8713
176.0000,176.2330
220.0000,180.4155
234.0000,162.5805
216.5000,171.2840
231.0000,135.9764
132.0000,59.7655
104.5000,150.5037
58.8000,118.8292
124.5000,148.2649
191.0000,214.8326
194.0000,143.6910
97.0000,135.7216
102.0000,113.8083
213.0000,178.2873
255.5000,180.3202
144.0000,127.1597
47.2000,111.3911
175.0000,191.4090
242.0000,211.9051
90.5000,148.6022
185.5000,166.8518
211.0000,175.1765
139.0000,107.4943
58.2000,105.3106
170.5000,148.1781
93.5000,100.5042
208.0000,164.2161
165.0000,260.6879
127.5000,151.6514
65.0000,78.4976
167.5000,182.4978
68.2000,129.1653
211.0000,242.0538
128.0000,138.0124
41.5000,85.9849
151.0000,232.0172
158.0000,162.6852
117.5000,114.8001
161.0000,188.0810
119.0000,72.2571
188.5000,152.3829
114.5000,87.0532
158.5000,183.1374
266.5000,233.4769
105.2000,229.0941
208.0000,251.1997
107.8000,183.9775
159.0000,196.8273
111.5000,94.9571
173.8000,99.2459
333.0000,273.1069
108.0000,126.2765
89.5000,83.7753
212.0000,202.3006
131.0000,179.2847
170.0000,207.4153
172.0000,149.8349
280.0000,237.9999
118.0000,184.0608
231.8000,174.5012
175.0000,208.0786
172.5000,181.6463
42.5000,46.3966
212.5000,102.9417
46.0000,108.9221
100.0000,133.6635
75.0000,103.2736
112.0000,148.1320
102.5000,75.2975
237.0000,227.6516
226.5000,145.1257
74.8000,148.3324
176.0000,256.4543
185.5000,182.4868
202.5000,202.3423
207.0000,116.6437
266.5000,211.4844
150.0000,152.4616
63.5000,119.1911
127.5000,129.8034
294.0000,277.9402
189.5000,95.7236
46.5000,61.3017
155.0000,151.8075
145.5000,119.6061
177.0000,275.6512
187.5000,152.6387
215.0000,124.6190
55.2000,133.8556
106.5000,105.0781
137.5000,168.6226
72.5000,108.2548
237.5000,75.0264
138.5000,156.6687
109.5000,158.6650
105.0000,130.1241
89.5000,133.5503
220.2000,176.9521
166.5000,150.3133
205.0000,203.4708
60.1000,120.5734
128.5000,147.4573
111.5000,75.2525
236.0000,183.2854
75.5000,127.8109
127.5000,174.7608
134.5000,73.2456
126.0000,99.0038
163.0000,171.7997
118.0000,152.7274
85.8000,67.6439
215.0000,114.9554
109.0000,137.6179
50.5000,97.6194
143.5000,169.8263
146.0000,88.6486
151.5000,125.2186
293.0000,180.4537
194.0000,209.0253
142.0000,127.5768
194.0000,182.4478
230.5000,171.6477
261.0000,175.0191
221.0000,197.4967
131.5000,157.6379
139.5000,164.2286
321.0000,177.5050
83.5000,138.5618
242.0000,225.3774
123.5000,148.9687
125.0000,128.1279
224.0000,136.4540
72.5000,70.0578
148.0000,169.1677
132.5000,142.1558
89.0000,138.0699
188.5000,177.7464
139.5000,192.0997
136.0000,170.8302
147.0000,148.8479
50.0000,103.3553
55.0000,92.2763
254.5000,200.3042
236.5000,176.5396
279.0000,180.9226
169.5000,202.0261
151.0000,167.3000
157.5000,196.3072
160.0000,119.5755
187.0000,153.1204
75.0000,160.8222
98.5000,150.2762
123.0000,103.5029
198.5000,210.0065
120.0000,178.5670
229.0000,204.0855
96.5000,93.1106
216.5000,232.5354
123.5000,99.7376
146.0000,201.7121
161.0000,140.3964
219.0000,176.0402
172.0000,114.1588
132.5000,68.5692
171.0000,191.6432
168.0000,112.7526
170.2000,131.6328
209.0000,158.2749
124.0000,125.5808
232.5000,218.9756
250.0000,154.0475
256.0000,253.5672
282.4000,215.4197
189.5000,158.7783
113.5000,146.0139
144.5000,186.3009
262.0000,202.5173
119.5000,176.7260
229.5000,282.0244
156.0000,151.1765
215.0000,182.4478
280.0000,226.2277
276.0000,231.0178
275.0000,180.3582
162.5000,137.1831
55.0000,84.9575
142.0000,89.3314
244.5000,113.9820
146.0000,162.0369
220.0000,139.1972
88.0000,156.6687
208.0000,148.7640
71.5000,110.1143
155.5000,178.5392
107.0000,144.0021
114.4000,95.5498
122.0000,145.9576
74.0000,141.2934
221.0000,260.1254
53.5000,77.0579
61.0000,94.9219
92.0000,154.7280
74.5000,136.7066
184.0000,71.5290
105.0000,150.3979
169.0000,68.2078
164.5000,188.8598
75.5000,216.0304
103.5000,94.6318
115.5000,129.2569
123.0000,142.0703
149.5000,163.4638
45.5000,92.8867
162.0000,193.3715
90.0000,133.7934
102.0000,166.7339
214.5000,161.9727
95.0000,105.9013
223.0000,151.3064
294.0000,268.7223
136.0000,142.3185
210.0000,148.9764
111.0000,147.0398
63.5000,92.6092
77.5000,144.1935
176.5000,184.4839
137.5000,110.4398
112.0000,223.5622
177.0000,139.0554
285.0000,258.2214
266.0000,196.5367
143.0000,127.0559
99.8000,148.3324
176.0000,107.2051
221.5000,137.3054
95.0000,141.0842
121.0000,160.4414
80.7000,111.6671
108.5000,145.9871
187.0000,139.7241
281.0000,161.7007
113.5000,48.3590
179.5000,156.8393
212.0000,139.4040
178.0000,171.1101
95.0000,119.7603
138.0000,170.3052
195.5000,182.4639
120.0000,176.9417
152.5000,182.7486
127.0000,174.0864
278.0000,106.2112
186.0000,131.2387
130.8000,115.1418
284.0000,208.3394
201.5000,43.1519
139.5000,127.1509
177.0000,178.1375
210.5000,173.7011
219.0000,144.8076
187.5000,190.5927
169.5000,173.6218
212.5000,158.5057
197.0000,132.9952
133.0000,159.6898
220.1000,228.0990
155.0000,215.5571
121.0000,157.8764
82.0000,62.9730
107.0000,126.9157
114.5000,134.2634
211.0000,182.3716
334.0000,232.1290
111.0000,174.6278
86.0000,109.0762
215.5000,137.2660
169.0000,180.6869
205.5000,141.0818
164.8000,210.6821
314.0000,231.3847
248.0000,283.9437
101.0000,102.1269
69.5000,78.4219
89.0000,139.4067
178.5000,222.6488
75.0000,147.0257
42.0000,112.3206
118.0000,128.8136
41.0000,116.6374
110.5000,162.6434
212.0000,184.6963
93.0000,105.1191
97.0000,112.4169
249.5000,164.5022
106.0000,190.8655
77.5000,146.8985
146.5000,130.4368
172.5000,181.0120
78.5000,128.7919
68.0000,83.7678
78.0000,105.1570
178.5000,179.4239
208.5000,173.7316
98.5000,122.0384
178.5000,215.5211
258.5000,295.3877
236.5000,158.7608
67.0000,113.0227
215.0000,182.2112
226.5000,195.0139
191.0000,180.9761
132.0000,110.2576
245.8000,167.2820
155.0000,152.2540
152.0000,148.1081
103.5000,82.1993
80.0000,100.0769
215.0000,159.9377
130.5000,200.6143
45.0000,154.0646
211.5000,179.1277
177.0000,157.8238
51.0000,64.4998
144.5000,155.8227
150.0000,170.7594
217.0000,182.0698
70.0000,133.7628
180.0000,198.4226
222.5000,175.3613
135.0000,264.0294
88.5000,90.4494
183.0000,192.9367
246.0000,224.6873
77.5000,94.2241
156.0000,160.1661
87.5000,151.6514
195.0000,119.5391
155.0000,224.3689
111.2000,77.3257
104.0000,146.8697
198.0000,397.4668
75.5000,116.2351
112.5000,182.8296
230.0000,176.6281
87.5000,104.6502
180.5000,180.0198
189.0000,144.0312
392.5000,185.9181
152.0000,121.0980
116.0000,173.6510
118.5000,62.2517
108.0000,145.0573
155.0000,125.1863
202.2000,169.0281
243.0000,174.9091
44.0000,113.0643
139.0000,186.5725
198.0000,189.7698
110.0000,171.9442
63.0000,86.9550
147.5000,190.6805
101.0000,91.9192
80.0000,135.6633
136.5000,139.6626
122.0000,96.7575
114.5000,159.7848
279.0000,115.1589
156.0000,322.3180
95.0000,195.0081
184.0000,89.0170
211.5000,162.3441
98.0000,122.7358
111.5000,96.4604
75.5000,128.8269
165.5000,190.6805
96.0000,130.2077
171.0000,169.7319
88.0000,102.8626
69.0000,80.0286
124.5000,126.6203
160.5000,155.4586
312.5000,204.6470
250.0000,249.2048
61.0000,90.0501
277.0000,134.9729
113.5000,150.0895
89.5000,100.5069
137.0000,163.3151
92.0000,139.4380
199.0000,214.4727
126.0000,173.6510
112.5000,91.1210
206.0000,197.5751
261.0000,164.9151
134.0000,155.5655
100.0000,153.7211
146.5000,209.3696
198.0000,129.2943
98.5000,147.3205
159.0000,185.2216
202.0000,176.5591
192.0000,179.3497
189.5000,212.6225
123.5000,156.9190
167.0000,164.6225
141.0000,144.4113
184.0000,224.8134
78.5000,92.1642
144.0000,184.7065
157.0000,125.4448
233.0000,142.7014
65.0000,88.2705
122.0000,110.2576
100.6000,166.0733
133.0000,98.9554
182.0000,211.0016
166.5000,92.5591
145.5000,134.2755
224.0000,150.9018
160.5000,166.4959
171.5000,157.3424
300.0000,290.6984
174.5000,153.5760
204.0000,190.8601
172.0000,113.8198
94.0000,158.3932
90.0000,109.3654
161.0000,226.2989
293.5000,195.7900
180.0000,177.6665
108.0000,139.5613
186.0000,136.5591
138.5000,160.2293
130.2000,115.0283
292.0000,340.2990
132.1000,190.5927
290.0000,207.4998
169.0000,212.0130
70.0000,111.7595
279.0000,256.2487
170.5000,159.3779
209.0000,164.4080
210.5000,152.2349
154.0000,75.9478
150.0000,195.5636
69.8000,120.5820
167.0000,124.7479
115.0000,142.1735
176.5000,174.2827
149.1000,179.4139
152.0000,163.7976
163.0000,156.8170
267.5000,167.3235
279.0000,156.0694
162.0000,153.5898
139.0000,150.4620
80.5000,121.3741
104.5000,127.6744
150.5000,179.5571
108.5000,103.0192
221.0000,131.8988
290.0000,269.3389
72.5000,99.5330
150.0000,167.7745
186.0000,104.9592
135.0000,194.0177
135.0000,140.9860
110.0000,184.3808
110.5000,144.0902
210.5000,277.2478
116.0000,143.0682
215.0000,238.8866
38.0000,86.8135
86.5000,104.5261
156.0000,172.9392
161.0000,133.5548
191.0000,176.6281
182.2000,142.3594
127.0000,210.7015
299.5000,169.9238
184.0000,179.6225
175.0000,93.3452
389.0000,183.9611
208.0000,139.1972
79.5000,136.2925
101.0000,151.5389
104.5000,168.2979
155.5000,209.1818
200.0000,126.6041
153.5000,187.7315
113.0000,129.3491
102.0000,113.6890
117.5000,114.7545
203.0000,151.5717
137.0000,150.9937
257.0000,210.0161
160.0000,137.7374
133.0000,76.4422
163.0000,142.3317
131.5000,61.0510
64.5000,129.5535
131.5000,144.1038
139.0000,157.5383
121.5000,158.6133
198.5000,159.2015
44.0000,93.8605
78.0000,128.1477
202.0000,185.7984
254.5000,221.8870
295.0000,178.7741
80.5000,77.6994
232.5000,195.9665
151.0000,167.3682
166.5000,149.9616
184.0000,119.0333
332.0000,225.6721
71.5000,113.3571
176.0000,198.6271
113.5000,113.6353
140.5000,195.6237
113.5000,212.3424
117.0000,128.0172
140.5000,146.9009
236.0000,172.9199
268.5000,229.4644
213.7000,200.5646
103.5000,150.7942
233.0000,154.4308
128.5000,164.9530
98.5000,134.2634
152.5000,172.4264
214.0000,126.3622
155.0000,149.8999
195.5000,234.7409
176.0000,222.8210
119.5000,90.0866
227.5000,176.2957
120.0000,121.4370
145.5000,170.9967
210.5000,222.6637
146.5000,200.9085
72.5000,108.7415
153.5000,150.8954
188.5000,156.4904
261.0000,156.7556
127.5000,127.9069
152.0000,148.1114
166.0000,152.4420
66.5000,100.7527
128.0000,243.4709
96.0000,102.8457
262.0000,212.9409
111.2000,77.3257
224.0000,234.9741
40.0000,99.4151
30.5000,80.1236
119.5000,143.2661
191.0000,172.2303
174.5000,177.9218
140.0000,163.3766
154.5000,147.6373
75.0000,121.5129
39.8000,102.2786
78.0000,100.8976
218.0000,148.2666
158.5000,176.1888
56.0000,70.5967
90.0000,111.8478
247.0000,177.2756
100.0000,144.8481
118.5000,96.4604
77.0000,155.1255
176.0000,205.9515
173.2000,115.8127
104.1000,223.0203
209.5000,124.3224
289.0000,227.1862
115.5000,153.0279
184.0000,147.6665
118.0000,145.4615
242.0000,199.4377
191.0000,219.6101
120.5000,110.7423
141.0000,183.2148
85.0000,109.0762
148.0000,128.0979
109.0000,166.7688
223.5000,209.9852
102.0000,126.3622
61.0000,101.6540
223.0000,211.6892
80.5000,223.0152
194.5000,261.1316
118.0000,136.7516
133.0000,134.7245
166.0000,150.4131
119.5000,169.6506
177.5000,183.0323
153.0000,167.3571
159.9000,243.8542
273.0000,153.4381
70.7000,247.2637
84.5000,171.0317
184.5000,159.4341
225.0000,144.0919
156.0000,124.3224
100.0000,83.9622
301.0000,252.6924
68.0000,101.3266
109.0000,91.9505
137.2000,63.7182
231.0000,146.7654
102.5000,117.8317
214.5000,212.0030
238.5000,217.7020
142.9000,155.6835
236.0000,147.4485
137.0000,112.8151
200.5000,167.8806
207.5000,127.5830
238.2000,242.8213
141.6000,122.6887
117.0000,199.6377
129.0000,185.3705
123.5000,110.3193
152.0000,171.0652
228.0000,139.1972
97.5000,117.7562
84.0000,154.1923
176.5000,196.4299
185.5000,178.2636
140.0000,200.7222
132.0000,156.8393
205.0000,222.0660
69.5000,109.3264
123.0000,97.1052
108.5000,158.9302
173.5000,163.2562
120.5000,142.3261
191.0000,184.4601
292.0000,257.0559
159.0000,126.0483
71.5000,124.9778
156.0000,133.2849
176.5000,171.7674
77.5000,125.7603
109.0000,163.8096
181.5000,140.4322
262.0000,275.3251
42.5000,120.1188
69.0000,131.5589
163.5000,204.3615
255.8000,153.4648
100.0000,152.2090
100.5000,124.1616
157.0000,147.3490
229.0000,210.6185
126.0000,150.9095
171.5000,95.8821
136.0000,275.4137
120.5000,115.0156
188.0000,175.3875
133.0000,168.4536
209.5000,72.1847
270.0000,110.4234
182.0000,127.9293
56.0000,109.9909
186.0000,202.6459
243.0000,133.5119
151.5000,149.0002
163.0000,158.8080
137.0000,154.3348
95.0000,111.6217
161.5000,162.3441
144.0000,219.0568
250.0000,208.1151
254.0000,248.5676
75.5000,150.0216
163.5000,160.0336
142.0000,236.2224
109.0000,160.0952
250.0000,277.2591
229.2000,179.5637
202.5000,116.2350
189.5000,168.7482
254.0000,238.0708
306.0000,318.4254
226.5000,210.9718
217.5000,181.5630
116.5000,120.3264
98.0000,140.0340
168.8000,211.6816
202.0000,173.1426
56.0000,115.7601
166.0000,180.3457
155.0000,169.4586
179.0000,194.5958
71.5000,77.9312
68.9000,91.8680
185.5000,257.6977
14.0000,93.1106
173.5000,87.2397
239.0000,187.1999
116.0000,135.3037
113.0000,87.0532
330.0000,280.5113
176.5000,117.7010
145.0000,58.8574
113.5000,141.2190
66.0000,136.9932
256.5000,133.4964
209.0000,106.3694
68.2000,113.9318
227.5000,171.1418
172.0000,187.3314
65.0000,110.6519
234.0000,189.4854
157.5000,123.8131
254.0000,172.4116
148.0000,181.2893
238.0000,222.7213
234.0000,115.2964
188.0000,235.4763
156.0000,237.7280
144.0000,177.8602
102.0000,143.0682
136.0000,191.6764
128.5000,113.3599
119.0000,112.3222
209.5000,159.9390
229.0000,268.4572
121.0000,155.4151
192.5000,150.6619
145.0000,172.4496
206.0000,180.3273
86.5000,121.4370
178.0000,159.1895
104.0000,125.4549
87.5000,121.5854
166.0000,206.6129
156.0000,153.6776
190.0000,138.6447
194.8000,154.1154
330.0000,241.9777
202.5000,184.4671
226.0000,222.8794
126.5000,153.3193
260.0000,230.0582
328.0000,190.4655
89.0000,128.1477
123.0000,141.7806
209.5000,250.6446
200.0000,101.4062
175.0000,224.9974
201.5000,153.9372
124.5000,156.8899
300.0000,143.5646
126.0000,141.4009
121.2000,154.5252
222.5000,185.7768
93.0000,200.2931
199.0000,232.7513
145.0000,153.0746
134.0000,181.6253
127.0000,179.5222
133.0000,166.9932
163.5000,174.2827
173.5000,165.0880
55.0000,108.5582
123.0000,134.4898
160.5000,129.4582
184.5000,171.3391
199.5000,246.6125
239.0000,190.6994
163.5000,171.4578
238.0000,205.2504
97.0000,153.6529
154.2000,95.9979
287.7000,262.0861
139.0000,126.2860
104.0000,131.8191
166.5000,124.6013
244.5000,222.0290
200.5000,206.3315
152.0000,173.6348
165.5000,183.8511
117.0000,84.2743
245.8000,203.8822
218.5000,111.2100
112.0000,152.8651
147.5000,219.0515
194.0000,184.4642
200.0000,161.4967
114.0000,135.9246
130.0000,198.3357
166.0000,93.1106
210.0000,197.0402
107.0000,114.3562
100.0000,128.4421
141.2000,153.8056
233.0000,192.2751
165.5000,202.2720
113.0000,150.5552
123.5000,128.1477
64.5000,65.9293
220.0000,201.0593
76.5000,122.9220
164.0000,187.8830
197.5000,210.1059
185.0000,123.7843
170.0000,178.5415
103.5000,168.8860
149.0000,179.8309
161.0000,198.0461
242.5000,174.8771
82.5000,90.0583
241.0000,177.6665
242.0000,167.3795
114.0000,181.1151
261.0000,277.3935
95.0000,122.4619
210.0000,193.1457
230.0000,228.2032
117.0000,109.0951
223.8000,116.8531
80.0000,100.8610
261.0000,174.1580
153.5000,144.2048
166.0000,150.2758
55.2000,141.1862
78.5000,125.2873
255.0000,214.9777
90.5000,150.0429
206.5000,135.4192
187.5000,217.7401
158.5000,150.7620
158.8000,169.1832
83.0000,163.4247
229.5000,175.7295
106.0000,128.0387
160.0000,151.8756
243.5000,209.0669
47.0000,95.0589
219.0000,136.7824
89.5000,129.3952
214.5000,93.3641
166.1000,118.5868
145.0000,161.2954
138.0000,240.1315
32.5000,62.9730
89.0000,76.7803
151.0000,178.1352
265.0000,232.1881
161.0000,179.1760
159.0000,124.5760
204.8000,131.7737
180.0000,152.7726
121.5000,120.5626
156.0000,130.8007
50.0000,73.9970
118.0000,119.4770
151.5000,155.3677
124.8000,94.5851
125.5000,136.9523
312.5000,195.1426
245.0000,201.4846
108.5000,170.0240
198.5000,166.5831
166.0000,186.6183
197.0000,198.7890
103.5000,140.7088
311.0000,117.9440
154.5000,175.4120
147.5000,160.4099
92.0000,148.0648
120.0000,134.8448
37.2000,84.6652
121.5000,155.6867
185.5000,231.2562
109.5000,144.6345
181.0000,211.9357
169.8000,126.4662
113.5000,111.3844
242.0000,166.8631
145.0000,212.8364
53.0000,46.9874
184.0000,243.5834
175.0000,292.2250
100.0000,137.8159
102.0000,129.4804
210.0000,132.7005
157.5000,184.7477
93.5000,134.8696
163.0000,156.4965
94.0000,164.1701
132.5000,157.7813
215.5000,150.1265
141.0000,164.9530
157.5000,139.1782
136.5000,160.2101
142.5000,99.6039
234.0000,140.4491
187.5000,208.2122
174.0000,187.4494
196.8000,179.9623
330.0000,241.9777
186.5000,79.5738
157.0000,171.5763
61.5000,111.3844
72.5000,124.3224
51.0000,111.0718
95.0000,106.6167
122.0000,143.8146
53.5000,73.6654
95.0000,145.6691
138.5000,208.0107
203.0000,145.2533
163.0000,154.6696
160.0000,212.0130
128.0000,176.9574
185.5000,191.4690
106.0000,99.9443
233.0000,192.9262
176.0000,124.4796
207.6000,136.6746
148.6000,187.7026
141.0000,151.7555
121.5000,79.5738
210.0000,229.7454
130.5000,152.2036
179.5000,178.3974
228.0000,159.0787
206.0000,194.9841
213.5000,177.6861
197.0000,148.7236
230.0000,197.1040
99.0000,129.2745
175.0000,168.8133
139.5000,184.2891
156.5000,143.8383
60.5000,104.6019
104.5000,103.9595
102.5000,157.9263
102.8000,135.9657
134.0000,101.3408
110.5000,128.9243
185.0000,150.4462
149.0000,194.0821
130.5000,156.8581
135.2000,154.8679
151.0000,186.1746
186.0000,150.7940
73.5000,113.5098
116.5000,95.6140
57.0000,111.2412
173.5000,178.6942
239.5000,179.6225
163.0000,169.6730
183.9000,148.1633
100.0000,236.6488
192.5000,154.5088
80.5000,83.5621
72.5000,119.6670
228.0000,93.0370
280.5000,240.0497
140.0000,151.0493
219.0000,193.2234
209.0000,274.4932
165.0000,127.5909
155.0000,155.2263
269.5000,203.8632
175.0000,208.9398
200.0000,136.1005
280.0000,291.8832
101.0000,121.4870
119.0000,155.2363
90.5000,114.3547
231.5000,142.7441
144.0000,155.4493
163.0000,250.8516
50.1000,133.8556
107.5000,87.0532
200.0000,141.2959
243.0000,248.0357
114.5000,181.1756
176.5000,162.3896
74.0000,157.3994
241.0000,188.1760
90.5000,73.7685
174.0000,190.5251
69.5000,61.9477
137.5000,130.0839
216.0000,103.7990
212.0000,237.0593
186.5000,235.9509
157.0000,162.2339
61.0000,114.1395
186.2000,161.0168
121.5000,121.3126
165.5000,181.1191
48.0000,77.4089
103.5000,160.0082
194.0000,158.0916
160.5000,200.3882
104.0000,148.1224
215.0000,238.2761
287.0000,254.7420
287.0000,194.5406
216.0000,166.4372
247.5000,175.2192
162.0000,119.9431
314.0000,207.1439
120.5000,159.5427
121.0000,195.4476
170.0000,119.9431
146.5000,122.1907
155.5000,161.2376
178.5000,206.9700
71.5000,119.6251
230.0000,213.5100
157.0000,113.4306
305.0000,211.9051
71.5000,51.2786
101.2000,177.6855
209.5000,148.5774
129.0000,123.1363
185.0000,161.5121
55.0000,149.6054
177.8000,161.1243
289.0000,210.7289
118.5000,124.6344
165.0000,104.1101
110.0000,169.4351
103.0000,127.3845
73.5000,70.2540
197.5000,170.9543
71.0000,101.9817
300.0000,76.7935
194.0000,99.2076
110.5000,147.6549
129.0000,202.6177
178.0000,280.9586
44.8000,109.3614
238.0000,141.7326
152.8000,122.5482
138.0000,185.4186
213.0000,150.0822
122.0000,114.2345
143.5000,119.7014
106.0000,202.6459
179.0000,212.3782
229.0000,155.6319
63.5000,116.6374
297.0000,140.5469
205.0000,205.8278
98.0000,135.0645
195.0000,123.1175
160.5000,189.1329
83.5000,122.7358
165.5000,182.4478
146.8000,132.0255
251.5000,230.7815
119.0000,145.3875
71.5000,89.1631
284.0000,191.5945
211.5000,210.7287
193.0000,159.9503
209.0000,122.5892
152.0000,85.4802
142.8000,117.6647
250.0000,196.3196
186.5000,164.3186
168.0000,150.1136
252.0000,188.7314
126.5000,149.9527
264.0000,225.5547
147.0000,103.4644
146.5000,159.9299
128.5000,163.0603
229.0000,149.9616
221.0000,88.3953
204.5000,129.2867
131.5000,128.1268
146.0000,167.0436
182.5000,96.4975
138.0000,146.9441
154.0000,86.3618
136.0000,169.6373
230.0000,142.1646
165.5000,176.4602
193.0000,158.7687
258.0000,190.0332
241.0000,172.3520
159.0000,170.6708
187.5000,179.0036
145.5000,246.0492
102.0000,145.1931
164.5000,197.8176
268.0000,274.1953
102.5000,141.3154
191.5000,168.7482
117.0000,73.4240
141.5000,116.7132
114.5000,195.4476
159.5000,161.6741
107.0000,162.4717
164.0000,184.8718
227.0000,185.9181
130.0000,152.0304
180.0000,178.3981
210.5000,186.7132
56.5000,64.8119
167.5000,126.9954
87.0000,114.1858
83.0000,83.4151
240.0000,233.5054
236.0000,137.0415
190.5000,255.3876
217.0000,155.9358
189.0000,113.7212
165.5000,153.2628
125.0000,148.3876
156.0000,184.1262
138.5000,178.6690
114.0000,109.7197
79.5000,117.7660
280.0000,184.1438
247.0000,130.4023
101.0000,169.4810
173.5000,145.6854
87.0000,96.4591
166.0000,136.1005
232.5000,200.2658
144.0000,223.6589
309.0000,332.1057
184.0000,128.6525
166.0000,119.5298
220.0000,265.2913
104.0000,109.3001
211.0000,226.1818
188.0000,121.2190
237.5000,183.6088
152.5000,157.2592
150.5000,174.3701
269.5000,155.2401
216.0000,151.2794
222.5000,195.0139
57.5000,103.2451
213.0000,236.6502
143.0000,200.2959
153.0000,124.3903
188.0000,138.4469
106.0000,113.6233
158.2000,139.0425
151.5000,141.1714
118.0000,101.4701
127.0000,106.7784
89.0000,124.3224
170.5000,174.3582
248.0000,173.5448
80.0000,102.4066
164.0000,183.2258
168.0000,277.5460
89.8000,128.2182
171.0000,158.5268
172.5000,150.2758
128.5000,153.6688
64.5000,139.3516
136.0000,112.3355
154.5000,100.5619
159.0000,122.2425
166.0000,142.3591
97.0000,137.9501
166.0000,163.2991
215.5000,199.7905
113.0000,95.2466
189.0000,163.5588
82.5000,126.2684
190.0000,191.1498
141.0000,172.4589
246.5000,241.0459
151.0000,199.3125
85.0000,92.8867
118.0000,156.6748
170.0000,238.3187
203.5000,163.3327
166.5000,156.9190
132.0000,198.0461
135.5000,201.0833
140.0000,251.0350
154.5000,176.3699
123.8000,188.7575
70.0000,90.6816
164.0000,164.4401
164.5000,349.5988
66.0000,120.3811
200.0000,295.8830
176.5000,167.2602
240.5000,118.6606
41.8000,107.7988
275.0000,182.6015
73.5000,101.3784
255.0000,214.9777
176.5000,174.5615
177.0000,149.1332
48.5000,107.5202
190.5000,140.3433
75.5000,127.3556
112.8000,130.8317
139.0000,234.0971
74.5000,88.0669
129.0000,133.0950
172.5000,190.7082
104.0000,153.1010
184.2000,155.5655
147.5000,155.6861
180.5000,136.9503
41.0000,92.8995
110.0000,138.2432
163.5000,178.1035
225.0000,167.0745
209.5000,170.5639
189.0000,108.4313
199.5000,218.8494
231.0000,163.7341
146.0000,110.8665
133.0000,177.2183
201.0000,80.1603
83.5000,209.3588
314.2000,149.6490
170.5000,217.1812
92.5000,94.2511
212.0000,196.3784
239.0000,83.4623
221.2000,221.2303
205.5000,136.7831
172.5000,189.7493
194.0000,149.6208
194.5000,136.9344
81.5000,93.1635
51.5000,60.9337
240.0000,185.4806
85.5000,90.7303
151.5000,137.3887
164.5000,191.1000
115.5000,163.1150
143.5000,164.3164
82.5000,125.4520
83.0000,131.1933
63.5000,133.9111
180.5000,127.0513
163.0000,209.6395
270.0000,179.4124
180.0000,163.0846
79.0000,95.7653
47.5000,104.0223
212.5000,207.3222
192.5000,202.1353
235.0000,120.3175
101.0000,151.6514
159.0000,153.4816
100.5000,131.4439
281.0000,132.5399
145.0000,109.9988
261.5000,210.0990
150.5000,159.7209
106.5000,223.6558
60.0000,111.6671
198.0000,155.1891
266.0000,215.6426
185.0000,181.6791
169.0000,125.4814
188.5000,143.6018
87.0000,125.4578
104.0000,106.2639
124.3000,144.9500
147.5000,157.0127
161.0000,187.6405
362.5000,206.9278
123.0000,100.7977
93.0000,71.2678
76.0000,95.9961
148.0000,151.7486
125.0000,173.8131
173.0000,104.5238
92.5000,141.1944
290.0000,211.5241
55.5000,94.4705
73.0000,99.4828
174.0000,122.5229
284.0000,196.1948
166.0000,184.3773
216.5000,190.7030
209.0000,166.8112
90.2000,138.3606
122.5000,156.2023
135.3000,125.2029
102.0000,158.8356
94.5000,115.5942
209.0000,129.7457
137.0000,140.9890
265.0000,200.8787
139.0000,82.1175
178.0000,148.4534
137.0000,150.1076
170.0000,130.3238
135.0000,166.0986
237.5000,143.9959
273.0000,217.5850
257.5000,150.2180
336.0000,308.9127
280.0000,140.0738
196.0000,196.5511
256.5000,178.3362
207.0000,152.8764
82.2000,101.3911
106.0000,128.4268
178.0000,189.5002
107.5000,174.2306
139.0000,185.3505
154.0000,129.5322
88.0000,114.1077
81.5000,111.6073
197.0000,190.4516
109.0000,123.1851
120.0000,118.9072
143.0000,172.5003
92.0000,110.0625
170.5000,123.4581
119.0000,202.2260
201.5000,188.8766
85.5000,121.6110
122.0000,182.2445
121.0000,124.8214
115.5000,90.2230
198.0000,140.3867
233.0000,153.5260
214.0000,178.3059
142.5000,141.7166
118.5000,139.2710
176.0000,118.8601
142.0000,154.7765
167.5000,167.1087
99.0000,237.2128
220.9000,275.3363
144.0000,231.0536
352.0000,240.5831
220.1000,263.6750
159.5000,199.1266
147.0000,117.8000
148.0000,242.3605
103.5000,122.2282
85.0000,124.7107
229.5000,126.2972
161.0000,157.3751
150.0000,157.5383
311.0000,132.6746
199.5000,133.2849
271.5000,186.7520
255.0000,184.1738
62.5000,77.7599
160.5000,160.0060
78.8000,109.0913
226.0000,177.0896
244.5000,190.4254
90.5000,111.0348
97.0000,103.7879
99.5000,159.5836
126.5000,114.1395
203.5000,206.9098
270.0000,226.9528
147.5000,148.5452
159.5000,193.9597
114.5000,118.7926
51.5000,144.9532
245.0000,184.6970
295.0000,292.2949
178.0000,157.2519
150.0000,233.5054
84.8000,128.7638
218.0000,145.3267
200.5000,213.9711
179.5000,174.3701
250.0000,169.9703
109.0000,137.6655
69.5000,117.4395
219.0000,150.6025
161.0000,277.9963
254.0000,249.3574
101.5000,115.0297
77.0000,118.6302
207.5000,157.8962
66.5000,130.1193
137.5000,157.3448
78.5000,133.3282
160.0000,123.4581
20.5000,188.2333
285.0000,248.5088
113.5000,104.5917
31.5000,85.2701
110.8000,122.0616
53.0000,76.9134
121.5000,181.5119
129.0000,200.4511
227.0000,150.2170
146.0000,161.9617
137.0000,145.3875
50.0000,91.4477
262.0000,97.7677
263.0000,214.4314
279.5000,112.0826
55.6000,112.0387
224.0000,136.7045
262.5000,138.7408
272.0000,185.1971
231.0000,235.9121
195.5000,184.1113
190.0000,205.4719
211.0000,170.3840
274.5000,235.0760
157.5000,174.4846
146.0000,195.6851
120.0000,121.9269
222.0000,205.5454
264.0000,96.6526
91.0000,88.9771
118.5000,167.7750
155.0000,163.1607
144.5000,267.1519
199.0000,127.1742
234.5000,219.7187
194.0000,84.9575
163.5000,201.2578
160.0000,123.1797
61.0000,128.7279
97.0000,61.5598
33.0000,151.8743
128.8000,141.0516
160.5000,149.5797
168.0000,172.7313
190.2000,194.2994
173.5000,164.6011
50.5000,87.0632
267.5000,164.2697
169.0000,144.3705
257.0000,162.9401
79.0000,63.7108
138.0000,156.0395
170.5000,75.0264
138.5000,88.3953
99.0000,220.3065
74.0000,102.5109
223.0000,216.1827
258.5000,250.9263
58.0000,93.1538
137.0000,159.4359
214.0000,252.5636
289.0000,102.5452
91.0000,146.1515
187.0000,110.1609
161.0000,208.5561
100.0000,146.9417
250.0000,224.5768
184.8000,88.4365
175.0000,230.4210
134.5000,163.9626
219.5000,197.4679
176.5000,239.1964
119.5000,99.4849
199.0000,115.8127
142.4000,102.5425
164.2000,100.9557
181.0000,222.5114
113.5000,145.5335
220.0000,176.9453
112.0000,198.6271
61.5000,111.7867
307.5000,213.1222
114.5000,135.9492
111.0000,208.8253
237.0000,155.3803
239.0000,194.9211
225.0000,115.1975
75.0000,143.8229
213.5000,177.8601
99.5000,115.0620
220.5000,117.4533
248.0000,242.7470
195.2000,197.2315
165.0000,188.1284
94.0000,136.8163
158.0000,48.4149
194.0000,220.8154
114.8000,80.6384
234.0000,202.8063
120.0000,120.2799
152.0000,93.1106
270.0000,175.7927
195.0000,144.2864
85.5000,99.4828
122.0000,198.9644
163.5000,171.7610
129.5000,148.6022
224.0000,156.6697
185.5000,164.3807
128.5000,180.6603
252.5000,216.6738
113.0000,134.2500
216.5000,119.5014
121.0000,97.0281
280.0000,152.3114
164.0000,169.4146
118.0000,252.4590
239.5000,143.9565
114.0000,197.4814
203.8000,143.0304
96.5000,173.6510
94.5000,122.7806
280.0000,240.1720
272.0000,174.9868
106.0000,140.1618
225.0000,201.7866
116.0000,163.6325
164.0000,141.8123
56.0000,158.3041
199.0000,180.2471
75.2000,148.4669
138.0000,161.8526
120.2000,125.2029
120.0000,98.6503
176.5000,200.3882
208.0000,107.9815
157.0000,170.9828
191.5000,170.4136
87.0000,63.7182
156.0000,131.4273
70.0000,183.2071
56.0000,111.5521
124.5000,116.7824
206.0000,129.0836
114.5000,159.2712
270.5000,125.7301
161.0000,178.5728
76.0000,101.7962
197.0000,209.1179
207.0000,178.0379
169.0000,207.0175
144.5000,135.3037
198.0000,182.0032
199.5000,140.8799
104.5000,106.9289
160.0000,167.8858
299.0000,194.9713
126.0000,133.5038
205.0000,194.1574
96.5000,107.6766
114.0000,154.9630
122.5000,141.3921
149.0000,120.0931
255.0000,165.5605
139.5000,155.7958
123.5000,120.6853
188.0000,95.1355
260.0000,257.3586
155.5000,166.8642
238.5000,138.5147
83.0000,135.2561
245.0000,254.2255
145.0000,168.0551
134.5000,43.4871
108.5000,113.6890
151.0000,268.2365
133.6000,122.6887
155.7000,205.8956
180.5000,223.2833
237.5000,194.0377
208.0000,187.9555
178.5000,199.5787
246.5000,181.8010
224.5000,167.2820
89.0000,167.7908
199.5000,311.0063
90.0000,117.4120
206.0000,164.9066
206.5000,181.2620
66.0000,138.7953
107.5000,113.2972
207.5000,81.7782
148.5000,189.7767
218.0000,133.5988
147.5000,189.5305
168.5000,189.8891
239.0000,203.2237
239.5000,128.3538
230.0000,120.4837
144.0000,134.6495
114.0000,120.3173
163.0000,228.4917
169.5000,184.1965
345.0000,139.6203
200.0000,267.8821
175.5000,131.5737
188.0000,118.5327
104.0000,166.7245
314.5000,110.2195
58.0000,105.3106
184.0000,135.1839
175.0000,108.7727
128.0000,144.3097
105.0000,112.8377
287.0000,156.1984
123.5000,220.6450
256.0000,117.7217
127.5000,143.0304
68.5000,116.2413
85.0000,114.3297
229.0000,214.9852
96.5000,141.0206
249.5000,149.4761
150.0000,181.2344
93.2000,142.6028
136.0000,75.6488
192.0000,245.6891
110.0000,173.6987
140.0000,195.7619
214.0000,163.0068
68.0000,147.0257
203.0000,214.7804
177.5000,134.9881
93.5000,139.5512
196.5000,133.7652
151.0000,224.0018
155.0000,174.7399
208.0000,129.7163
67.0000,109.8603
166.5000,135.1329
179.0000,175.9621
284.0000,278.4154
167.0000,138.8336
125.0000,146.3719
215.0000,215.3203
74.5000,121.4370
52.5000,75.5706
230.0000,274.0469
142.5000,157.5904
75.0000,208.7530
256.0000,148.3748
209.5000,132.8870
144.5000,206.9638
266.0000,222.0717
125.0000,136.1799
198.0000,108.2981
96.0000,96.4550
118.0000,153.7667
219.0000,238.1899
270.0000,203.7466
152.0000,164.4435
81.5000,146.2292
120.5000,74.9491
80.5000,107.2072
171.0000,161.9489
225.0000,150.0822
95.0000,110.8665
97.0000,147.3205
162.5000,93.1633
101.0000,148.2319
192.5000,240.1302
195.0000,139.6899
196.5000,160.7785
118.5000,142.5148
212.0000,209.0441
126.0000,134.0003
253.0000,240.5831
92.0000,136.0350
276.0000,227.8970
146.0000,114.3279
132.0000,125.5528
217.5000,222.7788
118.0000,115.8652
93.0000,72.4700
175.5000,214.0636
111.0000,167.0781
156.5000,121.1318
59.0000,111.5521
281.0000,234.5417
121.0000,227.6583
180.0000,142.6698
196.0000,176.1997
172.8000,181.8979
181.5000,168.1451
123.5000,142.2335
276.0000,128.9875
189.5000,195.4476
64.0000,112.2197
183.5000,162.3489
238.0000,227.7729
223.0000,117.1639
133.0000,119.7725
152.0000,127.1783
212.5000,199.4229
151.0000,166.2325
159.0000,112.6461
209.0000,196.3072
77.5000,143.9869
133.0000,166.2128
82.0000,184.9059
185.5000,186.5652
76.0000,119.7820
129.0000,123.3158
306.0000,203.3559
179.0000,162.2421
227.5000,198.2765
94.5000,148.5057
127.0000,127.6155
41.0000,64.3974
185.0000,230.2917
131.5000,161.4917
89.5000,93.7440
151.0000,195.4705
134.5000,182.1738
151.0000,157.7902
216.0000,192.3353
185.0000,184.8649
138.5000,128.1998
118.0000,136.5632
75.5000,135.4207
170.0000,199.2033
203.0000,208.5777
101.0000,130.3029
295.0000,208.9354
153.0000,120.4664
184.0000,169.9274
120.5000,196.7935
266.0000,208.1151
286.5000,132.9581
271.0000,199.0919
56.5000,97.7677
133.0000,100.8993
169.0000,211.7218
176.0000,177.9953
159.0000,130.1576
281.0000,189.0530
191.0000,120.0251
160.0000,119.2341
118.0000,145.6231
254.0000,172.5515
119.5000,234.3262
156.0000,156.5246
106.0000,106.1765
82.5000,60.9337
155.0000,149.4165
238.8000,163.7056
237.5000,127.1263
95.5000,175.1872
269.0000,169.1317
166.0000,214.0128
88.5000,88.1916
137.0000,86.2062
125.5000,61.1407
77.5000,103.0586
210.0000,178.2217
132.0000,142.8050
247.0000,240.2264
172.0000,177.6665
147.5000,146.6393
204.0000,181.0275
268.5000,209.5154
128.0000,141.0492
243.5000,245.4305
125.0000,141.9722
217.5000,211.7485
261.5000,228.4917
187.5000,145.6295
217.5000,148.2740
78.0000,142.5577
155.0000,137.1097
222.5000,170.0453
189.0000,188.8761
136.5000,73.5622
253.5000,175.1384
91.5000,140.6241
168.0000,167.9064
222.0000,122.3016
121.0000,125.7348
67.0000,129.6862
136.0000,198.0795
237.0000,248.8669
136.0000,108.3610
220.5000,192.6490
167.5000,171.9724
57.5000,101.0218
209.5000,206.9638
134.5000,178.2388
181.0000,113.9497
151.0000,162.9110
211.0000,206.3713
280.0000,120.5007
198.0000,198.4660
162.0000,109.9988
285.0000,197.5587
153.0000,178.9288
103.5000,126.7934
49.0000,137.2493
88.6000,121.8868
238.0000,198.0249
248.0000,151.8742
109.0000,144.8826
127.0000,178.2180
144.8000,198.5626
250.1000,264.6572
41.0000,84.3864
141.0000,193.0971
212.0000,222.1925
171.5000,158.0476
142.5000,157.5727
43.0000,143.4507
144.5000,170.8459
89.0000,117.8510
152.5000,101.8348
45.0000,103.1832
239.0000,108.1299
55.5000,84.3186
90.5000,133.0891
156.0000,96.7437
122.0000,122.6672
266.5000,210.0511
82.0000,105.3092
181.0000,108.7727
247.0000,236.3491
168.5000,169.2564
141.5000,141.1944
111.0000,75.5759
150.5000,200.3516
146.0000,195.5837
250.0000,275.9384
106.0000,69.5298
140.0000,149.8995
100.3000,125.2029
39.0000,69.0536
281.0000,147.3956
114.5000,161.2376
186.0000,177.3095
49.5000,83.9252
146.0000,181.8369
43.0000,127.4350
152.0000,180.3273
162.0000,202.9794
216.7000,179.6875
326.0000,175.6030
153.0000,142.7930
209.0000,320.7343
226.0000,208.8571
280.0000,204.9475
153.0000,144.5439
202.0000,134.0766
114.5000,144.9766
174.0000,180.6869
96.0000,122.9564
169.0000,116.7088
102.5000,167.5134
68.0000,104.1376
187.5000,143.8834
131.0000,193.7908
104.0000,60.1016
307.5000,157.1268
123.0000,153.9059
209.0000,165.6384
142.5000,113.5611
90.8000,127.2400
91.0000,121.6319
102.5000,167.0735
161.0000,160.5712
190.5000,179.5452
92.9000,172.1090
83.5000,164.3799
176.0000,209.4569
112.5000,164.2286
213.5000,129.2867
90.0000,119.1194
156.0000,198.2390
139.5000,152.7892
100.0000,102.6291
160.5000,144.8129
226.0000,196.0121
284.5000,166.0379
188.0000,164.1036
159.5000,151.3093
162.0000,149.7623
49.0000,78.3172
190.0000,110.8929
163.0000,93.1608
257.0000,198.1895
290.5000,175.4120
176.0000,217.3700
126.0000,207.0582
279.5000,192.0126
255.0000,176.9737
77.5000,87.0855
49.2000,121.7622
268.5000,121.1188
84.5000,98.6259
198.0000,192.2699
120.5000,181.1151
276.0000,207.8016
240.0000,96.7092
200.0000,144.3626
271.5000,204.0798
155.0000,155.1541
136.0000,115.1416
77.5000,152.9232
123.5000,116.4918
59.5000,142.5895
314.5000,180.1083
181.0000,215.0734
162.5000,239.7923
178.0000,92.4504
219.5000,160.1291
159.0000,150.8061
175.0000,134.2696
210.5000,226.3257
210.0000,163.3766
67.5000,124.1776
209.0000,152.9265
222.0000,244.0891
257.5000,176.3874
253.5000,226.7878
47.2000,98.7514
201.0000,170.6790
209.0000,237.3158
160.0000,144.0983
133.5000,83.8308
254.0000,208.1151
234.0000,191.1143
59.0000,83.1045
204.5000,204.0855
91.5000,93.4274
151.5000,75.9478
107.0000,81.8754
163.0000,112.9440
186.5000,107.3499
194.0000,108.7727
93.5000,146.0190
145.0000,128.4448
219.0000,221.4353
210.0000,135.2705
38.0000,95.2386
153.0000,138.7221
133.0000,102.0228
159.5000,176.2372
145.0000,138.7953
172.0000,149.5958
210.5000,228.2318
189.0000,178.3274
179.5000,100.2873
214.5000,233.3051
149.5000,150.2769
224.5000,128.7900
200.0000,209.8761
298.5000,81.3513
177.0000,134.2740
215.0000,254.2255
71.5000,69.1567
92.5000,144.5469
342.0000,135.5897
85.5000,117.8233
154.5000,163.7341
98.0000,166.8043
205.5000,172.8859
237.0000,243.8082
217.5000,243.8281
201.0000,245.8203
174.0000,218.3667
234.0000,206.0189
268.0000,261.4781
108.0000,216.6267
56.5000,119.1911
116.5000,158.9183
145.0000,134.3407
118.2000,110.4006
175.5000,170.1496
271.0000,251.4492
173.0000,219.9298
317.0000,247.7965
93.0000,60.9337
118.5000,112.8377
151.0000,138.4099
163.0000,156.8393
138.0000,164.4318
181.5000,186.7011
158.0000,105.1815
120.5000,178.7420
121.0000,157.0098
153.0000,143.1242
84.0000,146.3379
171.0000,181.7178
52.0000,97.7431
203.5000,170.7653
192.0000,171.7187
103.5000,138.6954
188.0000,151.0578
92.0000,83.6063
192.0000,239.9608
221.0000,223.9473
119.0000,224.4706
161.5000,161.9512
118.9000,127.2856
124.0000,179.6605
215.0000,151.3350
203.5000,150.2758
193.5000,111.5504
190.0000,169.3910
198.5000,168.7646
115.0000,183.7572
102.5000,154.9124
138.0000,48.3590
86.5000,111.3844
214.0000,206.2856
142.5000,154.5527
115.8000,164.3243
107.0000,108.7727
302.0000,212.5051
168.5000,143.6994
134.0000,201.1260
158.0000,236.5326
34.0000,87.0532
122.0000,156.1896
273.5000,176.3791
116.0000,171.0967
118.5000,121.4535
193.5000,184.8485
143.8000,110.4374
218.0000,232.9943
86.0000,114.6790
91.5000,151.7462
119.0000,164.8654
210.5000,195.2240
155.0000,154.8557
197.5000,189.7846
189.5000,271.6522
162.8000,159.3369
174.0000,145.4889
225.8000,227.5519
161.0000,159.3369
133.5000,162.0481
175.5000,197.5474
174.0000,205.8392
208.0000,165.2357
246.5000,294.0797
298.0000,173.0820
90.5000,107.3057
241.5000,222.0886
80.0000,86.4236
187.0000,142.4399
176.0000,210.2005
275.0000,242.2036
49.8000,125.2496
110.0000,166.0959
127.5000,80.3033
177.0000,132.7258
197.5000,187.7811
188.0000,136.8833
109.0000,197.1432
146.5000,87.6403
168.5000,164.3186
116.5000,113.4536
59.5000,123.5694
217.0000,231.2401
124.0000,166.0640
198.0000,198.1871
255.0000,134.9729
130.0000,93.5616
86.0000,97.3513
59.5000,94.1148
152.0000,88.5312
282.0000,300.8673
206.0000,141.5114
43.0000,107.1695
337.5000,249.3658
142.5000,176.5919
188.5000,165.8927
99.5000,139.4835
169.0000,106.5256
161.0000,156.0193
125.0000,190.0781
166.0000,173.9894
160.5000,170.7205
164.5000,186.2512
267.0000,212.6418
172.0000,200.7464
175.5000,164.4084
181.5000,157.5572
75.0000,131.7368
177.5000,161.4977
227.0000,182.4770
216.5000,157.8200
232.0000,220.4562
191.0000,178.9203
247.0000,168.8133
35.5000,112.4584
192.0000,168.3075
227.0000,209.3064
55.0000,67.7247
211.0000,181.1371
188.0000,122.8603
158.0000,158.5057
65.0000,150.6588
97.5000,144.5149
63.0000,98.7815
237.0000,190.7247
109.0000,175.6679
149.0000,100.9169
127.5000,166.5708
238.5000,243.1418
159.5000,170.3611
179.0000,209.9385
235.5000,163.9281
169.5000,197.8205
185.0000,156.1851
190.5000,243.0338
105.2000,83.5876
203.8000,219.8645
205.5000,126.9982
137.5000,114.1077
89.5000,113.9295
204.5000,163.0680
144.0000,129.1393
96.0000,140.2623
129.5000,109.1413
46.8000,94.4388
165.5000,185.1077
236.0000,179.9743
84.0000,164.3243
208.5000,248.9390
190.1000,210.2824
259.0000,204.9485
211.5000,166.9501
170.5000,72.9441
284.0000,242.8205
87.0000,150.6879
216.5000,160.1291
164.0000,228.2867
291.0000,262.0951
114.0000,121.0739
222.0000,264.4082
79.0000,161.2416
50.8000,133.2159
165.0000,181.1191
80.0000,154.9817
108.5000,98.2359
66.0000,114.6182
119.0000,183.8883
116.0000,196.7935
204.0000,226.4109
173.5000,153.9286
222.0000,213.0091
266.0000,272.0703
44.5000,99.9165
96.0000,81.2560
72.0000,83.4347
51.5000,101.4828
143.0000,149.4254
148.0000,146.7283
70.5000,128.1374
57.2000,81.7782
179.5000,220.7722
324.0000,203.3559
104.0000,98.4684
256.2000,115.9190
137.0000,210.1078
125.6000,115.7601
161.0000,228.9413
86.5000,95.2166
208.0000,120.9756
324.0000,284.2294
148.5000,161.2528
133.5000,82.1993
260.0000,160.7003
148.0000,158.8823
116.0000,201.3018
170.5000,134.0390
105.8000,215.6264
207.0000,134.9452
131.0000,131.2030
230.5000,199.5083
93.0000,111.7216
155.5000,173.9913
245.0000,158.8652
177.2000,143.7007
163.0000,192.9646
303.2000,113.1923
177.0000,177.8593
143.5000,139.2788
80.0000,149.1378
57.5000,210.7848
188.0000,164.2418
133.5000,113.7552
160.5000,179.8815
175.0000,184.4440
140.0000,143.1974
98.5000,272.2834
108.5000,109.7589
222.5000,205.1006
126.0000,84.7576
32.0000,78.1640
210.0000,137.5201
103.0000,122.6845
113.0000,194.1474
219.5000,165.3549
214.5000,188.2028
142.0000,70.9814
174.0000,194.5478
247.0000,258.8953
128.5000,170.9259
286.0000,165.0520
185.5000,155.3432
236.5000,210.8365
86.0000,132.1103
154.0000,133.4172
62.0000,103.5065
165.0000,160.3000
69.9000,96.4153
211.0000,226.8865
178.5000,200.4760
104.0000,166.7339
281.0000,233.1886
107.0000,148.5844
171.0000,177.9215
179.0000,163.9725
87.5000,123.5637
60.5000,116.1609
251.0000,172.7313
125.0000,113.1460
150.0000,171.3439
153.5000,210.1819
166.0000,149.2944
156.0000,162.1935
152.0000,163.1041
202.0000,217.2953
106.0000,104.0536
157.0000,223.0094
231.5000,200.8907
91.0000,137.5083
118.0000,175.2838
79.5000,134.3337
289.0000,192.4151
113.5000,148.5521
222.5000,194.3985
184.5000,131.7464
132.5000,198.4957
85.0000,178.7713
240.0000,143.1108
94.0000,137.8042
239.5000,152.3757
104.5000,177.3236
111.0000,112.1201
143.0000,150.1544
143.0000,128.2081
75.0000,106.8190
139.0000,153.1516
215.5000,163.9639
175.0000,150.6243
208.0000,227.5331
71.8000,102.1880
167.0000,142.5898
211.0000,246.1667
40.5000,89.5670
267.0000,142.7944
179.5000,136.6154
132.5000,130.7065
203.0000,203.1463
155.5000,104.9047
140.5000,207.3240
124.5000,135.7264
191.0000,121.1555
255.0000,143.7351
277.5000,236.4617
158.0000,61.3725
164.0000,156.3349
219.5000,260.9375
141.5000,127.1368
172.0000,212.1078
137.2000,95.4271
102.0000,151.3350
141.0000,142.4540
143.0000,83.3874
89.0000,107.3214
155.5000,167.0735
140.0000,138.0181
92.0000,126.2880
244.0000,154.9139
120.5000,147.8597
236.0000,204.6268
187.0000,146.1350
207.0000,127.8874
197.5000,181.1371
295.0000,151.9361
116.0000,131.3874
154.5000,128.4421
147.0000,155.0710
256.0000,177.5171
134.0000,156.6911
82.0000,176.9412
160.0000,132.0069
191.5000,91.8899
243.0000,180.5190
161.5000,89.3010
53.0000,105.0022
145.0000,154.0166
119.0000,152.7757
146.5000,139.3419
164.0000,105.3808
171.0000,224.7912
213.0000,155.2748
105.0000,103.8986
61.5000,93.5616
191.5000,197.8176
188.5000,268.4655
165.8000,144.0458
175.0000,91.2598
171.4000,117.7660
226.0000,165.5249
190.0000,97.7677
113.5000,123.7407
264.0000,210.0195
156.5000,172.9563
196.0000,210.5046
235.0000,235.3654
156.5000,133.6677
164.5000,65.2036
59.5000,100.7139
194.0000,169.1317
64.5000,64.8552
258.0000,179.4124
146.0000,113.9914
191.0000,110.7167
145.5000,156.2101
171.0000,189.9459
149.0000,109.4045
265.5000,217.6073
175.0000,188.6817
240.0000,272.6609
86.0000,133.1055
120.0000,163.2731
91.5000,83.0312
69.5000,102.9417
156.0000,181.0883
124.0000,133.4293
73.0000,91.7708
178.5000,165.7995
136.0000,199.0275
73.5000,85.7737
64.5000,111.1858
141.5000,160.4845
234.2000,226.7765
87.0000,126.3419
241.0000,228.5135
83.0000,117.0863
83.0000,114.7129
181.5000,183.3822
168.0000,136.7587
173.0000,214.0350
234.0000,149.7430
100.5000,144.0902
115.8000,123.1400
131.0000,183.4543
157.0000,237.0155
129.5000,94.7534
164.0000,148.5694
106.0000,94.6997
224.5000,143.6923
175.5000,150.3892
127.2000,150.4475
140.0000,153.4927
114.0000,75.9267
157.0000,224.0293
122.4000,86.2987
81.0000,157.2075
202.5000,149.3665
112.5000,162.7890
161.0000,135.7216
187.0000,187.7661
135.2000,242.5229
150.5000,106.8223
76.5000,124.7455
118.0000,238.1803
172.5000,206.6631
153.5000,159.7514
148.5000,109.7240
146.5000,164.3186
171.0000,199.3125
103.0000,210.1537
169.5000,183.7086
159.5000,194.1756
151.0000,178.2388
256.0000,119.5933
86.8000,129.6213
210.0000,101.5916
125.0000,181.7426
127.8000,102.0566
214.5000,212.3281
127.5000,214.4677
102.5000,147.0797
163.0000,221.6392
164.0000,198.9716
57.0000,94.8495
74.0000,105.2313
202.0000,163.8167
266.0000,306.8341
108.5000,91.0724
172.5000,201.9633
91.0000,134.9231
204.0000,146.6003
360.0000,292.6374
124.0000,136.4355
74.5000,131.0510
171.0000,97.5054
138.0000,110.5840
216.0000,236.4784
120.0000,140.2025
178.0000,160.4210
80.0000,162.0821
295.0000,262.8391
109.0000,136.8010
167.8000,239.1897
172.5000,161.1547
143.5000,124.8207
159.0000,156.3470
251.5000,115.7601
156.0000,129.6300
118.0000,135.0670
221.0000,159.1721
216.0000,201.4917
276.0000,252.7061
254.5000,193.2234
179.8000,218.4186
184.5000,132.3295
177.5000,122.4585
176.0000,126.6179
116.0000,150.3851
154.0000,119.4482
122.0000,192.9367
304.0000,264.0083
166.0000,148.8046
155.5000,181.4773
150.0000,226.5728
117.0000,117.7886
205.0000,198.3839
290.0000,233.6742
162.0000,144.5664
196.0000,108.7727
116.0000,189.8242
117.0000,162.0036
189.0000,177.1337
121.5000,127.1368
91.5000,78.5591
238.0000,118.0143
218.0000,249.1923
231.5000,163.4207
170.5000,135.4971
156.0000,149.5051
200.5000,229.1729
147.0000,165.1828
81.8000,64.5945
55.5000,113.3501
265.0000,203.6351
201.0000,197.2763
224.0000,181.1535
125.0000,146.6254
75.0000,96.7219
63.3000,101.3439
141.0000,117.8354
55.5000,56.6638
128.0000,117.5314
157.0000,141.5161
219.0000,137.7374
63.6000,121.6642
119.2000,137.0241
240.5000,206.6682
97.0000,106.5994
125.5000,181.3133
72.0000,124.7455
200.5000,171.1961
190.8000,148.8189
156.0000,124.2036
186.0000,139.0239
91.8000,136.5729
161.0000,199.3847
167.5000,164.1848
240.0000,140.4491
162.5000,134.5101
237.9000,242.4869
50.0000,92.1834
118.5000,191.7437
38.0000,120.6311
181.0000,163.7410
114.2000,130.7874
199.0000,163.8106
257.0000,173.5448
174.0000,186.2116
170.5000,150.2804
234.5000,269.0986
91.0000,88.9771
126.5000,162.1996
101.5000,124.1694
257.0000,223.3068
186.0000,204.7547
283.5000,312.2515
195.5000,234.6518
88.6000,121.8868
335.0000,147.7090
226.5000,223.2655
181.0000,174.2945
72.0000,137.6328
101.0000,85.2153
129.5000,169.9676
310.0000,143.0304
91.0000,170.4296
218.0000,162.6907
190.0000,262.6141
251.0000,206.1159
246.2000,255.1652
105.2000,118.8895
179.5000,248.2284
178.0000,151.4086
360.0000,311.5232
193.0000,108.4313
294.0000,236.6502
132.5000,133.0202
222.5000,183.5728
157.5000,175.8407
102.0000,122.7518
141.0000,210.4410
66.0000,68.7562
212.0000,165.0134
104.0000,142.3261
316.0000,256.0023
93.2000,147.1109
176.0000,142.4803
240.0000,190.1761
322.5000,125.8003
204.0000,188.9885
88.0000,133.0867
152.5000,161.8845
79.5000,144.8481
245.0000,220.1423
73.0000,111.2496
92.5000,154.7402
129.0000,181.7426
130.5000,117.6647
60.0000,119.0439
300.0000,179.9132
93.0000,93.1106
241.0000,250.8940
186.0000,142.3594
131.0000,134.3979
207.0000,160.4092
133.0000,209.3558
141.5000,164.8062
137.5000,169.5462
196.0000,164.3164
119.5000,125.7731
183.0000,174.7459
89.5000,112.7110
246.5000,156.0361
68.0000,88.9221
179.5000,167.5645
233.0000,178.7812
113.0000,113.9002
205.0000,144.1152
61.8000,109.6576
202.5000,162.5990
170.5000,179.9227
78.0000,103.9595
66.5000,100.7139
133.0000,212.7085
221.0000,97.7677
223.0000,179.6909
201.0000,121.2226
195.0000,149.7773
156.0000,110.1503
123.5000,139.8544
116.0000,87.0532
167.0000,128.5125
249.0000,143.0304
302.0000,236.6502
157.5000,143.2375
48.0000,97.1911
129.5000,133.4980
184.5000,198.9200
49.0000,87.0532
279.0000,129.2867
98.0000,162.5765
162.0000,197.8759
140.5000,148.8665
215.5000,167.4704
292.5000,190.8822
102.0000,118.6071
157.5000,164.3186
193.0000,255.6517
99.5000,142.7006
52.8000,71.4199
138.5000,155.3498
131.9000,86.5731
186.0000,179.3497
150.0000,85.6804
107.0000,153.4119
130.0000,125.2929
226.0000,188.1284
164.0000,198.9057
141.5000,154.5757
227.5000,173.2869
208.0000,206.9638
267.0000,171.5630
152.0000,149.6416
110.5000,156.2476
130.5000,157.9159
127.5000,181.1218
78.0000,95.9352
108.5000,127.9090
80.0000,207.3147
230.0000,236.6502
74.5000,74.0357
145.5000,133.9072
147.0000,219.8918
71.5000,97.0429
74.5000,105.3106
264.0000,170.4607
67.5000,129.3298
100.5000,89.0163
129.0000,206.9098
164.5000,141.0818
157.0000,100.9557
225.8000,223.1483
126.0000,89.2247
260.6000,245.3286
152.0000,178.8306
249.0000,182.0119
105.0000,104.0223
221.0000,215.5931
221.5000,196.5080
137.0000,146.7097
105.0000,119.2859
205.5000,125.1599
150.0000,102.0981
142.5000,175.8819
57.0000,113.2799
209.0000,216.5522
108.0000,139.1538
221.5000,242.9731
199.5000,196.8476
196.5000,158.4195
183.5000,75.6991
77.5000,116.4541
106.5000,135.1810
186.0000,188.6104
139.5000,168.8506
137.5000,153.6209
53.5000,76.1908
139.0000,152.8301
37.0000,90.6868
78.0000,75.4625
191.0000,251.6937
91.0000,90.2685
223.5000,104.4377
244.0000,135.8430
138.5000,153.4595
308.0000,218.5176
190.5000,213.0744
205.0000,194.2402
227.5000,117.8341
183.5000,141.0973
151.0000,87.5397
132.5000,150.6696
166.5000,154.8550
80.0000,82.0012
259.0000,162.8787
181.0000,176.3431
309.5000,200.3786
174.0000,183.3412
195.0000,127.3962
169.0000,177.2639
61.0000,87.6997
71.5000,90.7753
163.0000,128.8566
210.0000,178.0483
168.0000,149.7352
138.0000,168.2063
203.5000,152.7353
97.5000,134.4267
70.5000,116.1909
73.0000,120.0108
174.0000,196.3164
160.5000,91.9140
171.0000,220.3111
153.0000,180.3273
148.0000,139.2162
116.5000,130.4453
155.0000,82.6926
165.5000,223.9473
328.0000,314.4097
123.5000,147.5421
149.0000,175.7526
55.5000,60.6403
148.0000,214.0452
129.5000,93.1106
356.0000,241.2433
92.5000,107.5461
111.0000,134.8804
205.0000,108.2392
333.0000,197.1915
117.0000,207.3533
84.5000,127.0704
209.0000,179.2692
105.5000,169.9676
166.0000,151.4160
166.8000,142.1035
179.0000,205.0647
147.0000,218.4616
61.0000,120.1697
149.0000,175.8775
270.5000,169.8300
80.0000,147.1443
77.0000,147.4783
180.5000,210.6727
260.5000,172.7622
147.5000,102.8837
231.5000,99.4945
130.0000,133.7785
250.0000,197.7845
232.5000,150.3707
196.0000,154.0661
270.0000,262.4239
187.5000,130.9468
139.0000,115.8846
179.5000,199.1266
204.5000,193.7873
151.0000,192.9086
147.5000,182.8980
87.5000,99.3192
76.0000,114.0757
253.0000,138.2579
151.0000,190.7820
173.5000,182.1738
92.0000,130.4005
195.5000,190.8601
159.0000,186.7080
244.0000,212.5037
240.0000,219.6863
129.5000,129.6156
65.5000,131.6693
252.4000,225.0711
266.0000,200.4248
150.0000,129.1259
132.5000,184.7370
75.2000,77.9894
200.5000,217.5552
244.0000,132.9581
170.0000,183.3400
118.5000,119.6187
179.5000,162.8242
120.0000,100.4739
156.0000,162.2364
230.0000,144.6196
63.0000,136.6187
164.0000,136.7632
211.5000,128.9875
111.5000,108.4079
153.0000,174.8797
116.0000,127.4063
152.0000,181.2606
151.0000,118.8583
89.0000,78.8364
212.0000,159.8780
111.5000,120.3811
121.0000,166.7688
229.5000,243.7128
141.0000,147.0947
105.2000,137.3887
149.0000,151.9190
292.0000,207.8744
118.5000,156.5980
204.5000,157.4571
202.0000,181.7277
136.0000,113.1460
140.5000,173.6510
218.5000,212.2698
260.0000,180.8639
168.0000,166.8043
203.0000,120.7774
86.5000,144.8588
151.0000,165.7550
221.0000,141.0495
214.0000,179.9054
189.0000,90.9429
223.0000,153.9937
264.0000,205.3273
202.0000,214.8545
311.0000,195.7522
176.0000,243.3959
119.5000,139.5421
79.5000,104.0223
82.0000,121.1718
295.0000,201.7160
244.0000,97.7677
211.0000,149.4093
120.5000,154.6996
190.0000,153.8804
111.5000,105.5266
120.0000,163.3327
215.0000,105.1908
142.0000,170.6492
82.5000,87.0572
174.0000,109.2401
254.0000,195.2699
220.0000,160.0470
163.5000,174.3860
144.1000,155.1283
221.0000,215.9572
157.5000,174.8797
48.5000,102.9062
295.5000,139.8754
51.0000,93.7218
165.0000,108.8257
128.0000,147.2163
118.5000,69.8066
220.5000,193.4593
259.5000,182.5893
155.5000,155.2410
170.5000,122.8954
102.8000,172.8770
283.0000,255.9846
98.5000,77.6994
133.0000,116.5280
63.5000,84.5890
353.0000,198.8161
254.0000,174.3582
223.5000,129.2867
101.7000,121.8868
165.5000,164.4080
114.0000,185.6384
182.0000,236.3293
72.0000,127.2172
44.5000,105.5266
300.8000,185.9181
211.0000,192.7977
227.5000,206.8759
145.0000,150.7450
61.0000,54.8825
180.0000,130.5261
140.0000,171.7187
132.5000,65.3706
234.0000,193.9795
200.5000,137.9189
27.5000,104.9111
295.0000,148.9877
192.0000,164.2440
301.5000,193.3581
237.5000,124.0302
240.0000,267.0777
139.0000,178.4679
77.5000,94.9694
193.5000,178.0318
185.2000,119.5014
113.0000,191.9921
181.0000,198.6769
199.0000,157.8708
209.0000,180.1434
232.5000,210.0150
159.5000,151.0162
94.0000,88.0310
161.5000,168.5208
243.5000,201.9371
186.0000,179.7689
219.0000,179.4915
220.0000,165.6384
186.0000,112.9440
68.0000,123.9255
184.5000,184.7824
159.0000,136.4624
236.0000,156.3980
216.0000,88.3481
163.0000,134.9524
145.0000,128.2369
136.0000,161.2032
133.5000,160.8456
117.0000,159.6378
137.8000,118.5508
83.0000,115.6961
79.5000,129.6156
89.0000,106.7629
94.5000,171.3175
288.5000,221.0356
166.5000,173.2330
180.0000,126.9982
40.0000,99.1477
74.0000,261.5432
135.0000,124.8797
166.5000,144.8540
160.0000,243.9462
162.5000,153.4350
236.0000,219.1736
267.0000,165.5719
279.0000,233.1886
45.0000,117.2319
265.0000,233.9148
177.0000,149.0899
199.0000,249.8810
116.0000,119.5881
63.5000,95.2621
109.0000,153.3715
60.0000,121.3730
280.5000,143.3995
156.5000,122.4450
162.0000,189.8808
147.0000,151.6514
143.5000,141.9484
238.5000,206.7948
180.5000,184.1965
210.0000,176.9687
163.0000,142.5009
85.0000,74.0802
236.0000,163.6325
212.0000,179.5793
178.0000,156.8207
218.0000,127.0472
139.5000,134.8599
145.0000,126.4049
166.5000,164.2944
181.0000,188.2333
245.5000,185.9658
146.8000,136.6933
201.0000,172.6232
233.0000,206.9265
106.5000,148.8210
63.5000,72.6183
131.0000,177.2183
164.0000,184.4167
199.0000,134.8292
147.5000,145.9133
165.0000,125.9147
139.0000,148.9216
105.0000,120.5385
171.5000,132.7185
105.0000,222.4884
187.5000,189.0088
140.0000,108.8685
171.0000,178.2398
237.4000,202.9575
96.5000,156.5893
135.0000,123.1120
174.0000,179.6583
156.5000,155.4586
92.5000,98.2359
211.5000,181.8195
83.0000,91.6096
278.2000,238.3177
218.0000,145.9863
140.0000,149.3894
275.0000,115.1589
238.5000,200.8715
257.0000,237.4300
229.0000,150.8056
57.5000,99.7990
178.0000,128.2623
119.0000,164.1701
164.0000,103.5640
205.5000,229.2118
90.5000,128.8708
203.5000,131.1207
272.0000,231.5113
190.0000,129.5009
239.0000,277.1768
96.5000,148.6924
181.0000,190.3509
81.0000,128.1279
45.5000,119.6090
53.5000,107.9877
159.0000,144.0166
178.0000,136.3601
154.0000,144.5242
106.0000,144.0026
184.5000,207.8957
174.0000,113.3150
173.5000,163.5092
229.0000,205.6159
125.5000,62.2517
74.5000,85.3592
139.0000,148.0009
83.0000,124.3224
317.0000,371.2626
186.0000,164.3837
101.5000,182.9261
174.0000,194.1460
206.0000,174.8844
192.0000,316.9964
249.5000,215.8326
179.0000,175.7434
225.8000,121.8941
44.0000,89.0360
222.0000,141.5697
123.0000,163.2077
193.5000,284.0114
267.0000,231.9597
110.8000,137.4896
221.5000,178.3981
86.5000,137.7803
233.0000,195.4476
168.5000,119.0897
150.0000,203.4139
263.5000,187.0413
149.0000,157.8846
182.0000,114.8438
141.0000,103.8601
60.0000,112.1080
211.0000,167.8869
56.5000,121.8193
163.0000,117.0664
179.0000,148.1224
160.5000,109.9800
156.0000,177.0698
164.0000,147.6894
148.5000,179.9731
280.2000,268.5174
139.5000,176.0628
179.5000,176.5939
196.0000,132.9056
145.5000,180.1181
210.2000,166.8846
85.2000,96.1747
171.0000,179.0731
285.0000,204.6366
241.0000,200.1574
114.5000,137.7346
127.0000,104.7916
170.0000,146.1730
139.0000,188.6682
73.5000,147.9644
175.0000,139.0932
220.5000,169.0422
166.0000,123.1392
144.5000,164.7977
111.5000,118.5739
228.2000,160.9199
296.0000,274.1953
214.5000,182.4886
216.0000,226.8865
175.5000,155.0931
232.0000,165.6934
175.5000,201.1450
167.0000,128.7103
79.0000,149.8461
157.5000,170.8459
133.2000,122.7351
159.5000,109.7240
207.5000,257.7403
211.0000,184.9434
163.5000,170.3234
83.5000,154.9990
224.5000,143.0304
150.5000,156.8393
117.0000,152.1249
196.0000,147.9580
199.0000,173.4056
149.0000,98.9256
163.5000,166.0216
144.0000,132.9770
75.0000,107.3391
91.5000,114.1468
239.0000,253.0302
195.5000,189.3843
112.0000,135.9657
186.5000,379.7734
205.0000,165.3549
89.5000,78.5110
186.0000,217.7112
111.0000,109.1777
131.0000,146.8410
78.5000,111.8456
103.0000,99.9784
198.0000,200.5226
147.0000,200.9346
159.5000,145.2533
133.0000,106.5024
99.5000,121.4118
194.0000,97.5697
152.0000,166.7158
146.5000,246.9899
78.5000,150.9883
114.5000,154.9990
176.0000,125.4276
147.5000,171.8860
113.0000,270.0424
127.5000,117.6985
197.5000,182.9370
110.0000,103.4351
269.5000,141.6809
198.0000,149.4165
99.2000,112.4858
222.5000,156.5298
221.5000,167.1700
181.0000,221.5873
144.5000,152.0115
231.0000,212.1817
164.5000,159.0072
113.0000,129.5322
264.0000,200.8414
254.0000,195.5172
209.0000,251.4003
87.0000,132.7984
219.0000,323.7450
259.0000,200.8494
147.5000,205.0721
140.0000,141.0818
176.0000,110.4964
147.0000,156.6047
210.0000,279.0782
292.0000,137.6182
115.0000,118.4549
187.0000,272.0558
123.5000,134.7245
105.0000,178.4162
98.0000,156.5340
108.5000,182.9132
171.0000,170.9664
220.0000,167.4704
137.0000,165.9007
169.0000,80.7730
182.8000,178.1684
222.0000,217.9259
152.5000,207.4246
157.5000,158.9809
204.5000,143.7661
206.5000,193.8570
94.5000,126.2860
50.5000,108.1845
51.5000,90.2173
133.0000,173.7000
196.0000,137.7374
151.0000,187.8830
202.5000,214.9280
164.0000,158.2527
126.5000,169.4925
87.0000,62.2517
152.0000,108.5549
118.0000,157.6164
278.0000,283.9437
233.5000,120.8070
160.5000,203.5818
82.0000,113.4480
160.0000,118.4794
110.5000,118.6302
213.5000,130.1945
75.5000,120.2981
154.5000,84.3612
118.0000,93.5616
87.5000,100.4404
198.5000,233.2855
135.5000,170.5619
149.5000,128.4429
215.0000,240.2567
168.0000,57.9216
191.0000,186.8983
209.0000,238.5717
199.0000,149.6208
178.5000,170.7258
274.0000,201.0618
141.0000,196.7919
164.5000,184.8485
220.0000,167.8805
199.5000,252.4891
181.5000,121.3073
106.0000,153.8533
235.0000,137.3835
101.0000,98.2322
147.5000,76.6493
